My Quotes,My Quotes
Locked,Locked
Mutable,Mutable
Activate,Activate
Go to cart,Go to cart
This quote is locked. Items and addresses cannot be changed.,This quote is locked. Items and addresses cannot be changed.
This quote is locked by your sales representative. You can review and checkout, but items, quantities, addresses and shipping cannot be changed.,This quote is locked by your sales representative. You can review and checkout, but items, quantities, addresses and shipping cannot be changed.
Switch quote,Switch quote
You have no quotes yet.,You have no quotes yet.
Quote #%1 is now your active cart.,Quote #%1 is now your active cart.
